ID;input1;input2;input3;input4;input5;input6;input7;input8;input9;output1;output2
1;-1295403;1471468;-0.39474;0.982752;-1287838;1427106;-0.052994;0.890491;-1258837
2;0.351257;-0.583818;1673024;-1045503;0.566956;-0.603433;0.417183;-0.516325;0.902252
3;0.076491;0.551166;0.157875;0.545169;-0.189986;0.876511;2167689;0.621724;0.259727
4;-1362116;1111719;-0.593551;0.713629;-1174274;1767917;0.152496;1152507;-0.851621
5;1261212;-0.816557;-0.218964;-0.875395;0.518453;-0.854788;0.150214;-0.858207;1426335
6;-1166692;1251154;-1254287;0.478231;-1336928;1391164;-0.597328;1167087;-0.69974
7;0.214139;0.310186;1190772;0.363418;0.153091;0.570232;0.429326;0.604134;0.599215
8;0.705891;-1485967;-0.873115;-1229716;0.442013;-0.736555;-0.667819;-0.523882;0.528648
9;0.641456;-1158778;-0.213368;-1052491;1043487;-151617;-0.85233;-1150422;0.524601
10;1361428;-0.759856;-0.210203;-0.774173;1277705;-0.362239;-1874075;-1150191;1019225
11;1281929;-0.932321;1005929;-0.827725;0.581127;-0.367755;-0.491553;-0.931353;0.200709
12;0.603017;-0.013927;2053839;-0.609233;0.630671;-0.777088;0.345483;0.25911;10372
13;1241708;-0.710707;0.167191;-1283236;0.924313;-1266144;-1121521;-1142434;0.865437
14;-0.167644;0.70567;0.720708;0.493157;-0.446185;0.982714;2081919;0.554136;-1171508
15;-1747911;1378871;-1157596;0.487294;-1099837;1768664;-0.040104;0.900373;-1067041
16;-1166097;0.704294;-0.588501;0.314823;-1523594;159707;-0.125664;1324705;-0.968061
17;0.716337;-0.809619;1017575;-0.940306;0.937324;-0.505063;-0.309754;-0.868605;0.734214
18;-0.661608;0.649971;0.633366;0.599167;-0.683487;0.992779;1349409;1741748;-1049337
19;0.4025;-1267793;1187623;-0.599398;0.32179;0.087076;0.061237;0.456425;0.243142
20;-1226177;0.708047;-0.789915;0.81386;-1168189;1782513;-0.029544;1523372;-1101312
21;-0.378484;0.32498;-0.135887;0.703116;-10485;0.502913;1532486;145836;-1398745
22;1298961;-1140031;0.634964;-1280612;1404959;-1616178;-0.04366;-0.43279;0.39252
23;0.332456;-1042251;0.730417;-0.598662;0.457715;-0.124181;-0.411781;-0.504425;0.884767
24;0.650533;-0.699039;1004878;-0.585524;1041683;-0.370531;0.337732;-0.669568;0.326569
25;-0.034014;0.443085;0.426959;0.472895;-0.351907;0.750386;1706717;0.602679;0.59269
26;-1238214;1771438;-1628264;1518965;-1459889;0.947968;-1322771;0.177113;-1107868
27;1285491;-0.920138;-0.865244;-1038066;0.683834;-1321961;-0.847062;-1356087;0.62123
28;-0.979549;1712719;-0.622264;1273619;-145757;0.469075;-1296926;0.260956;-1104827
29;1137349;-0.306079;1570792;-0.483799;0.502044;-0.791667;0.52472;-0.291389;0.935309
30;-123713;1162996;-0.499242;1061167;-0.98677;1286165;-0.114491;0.688246;-1249571
31;-0.280935;0.301247;0.356466;0.146561;-0.448914;0.768339;1166322;0.542523;0.035755
32;-1618769;1553092;-1351879;1348366;-1033788;0.449441;-0.221069;0.540256;-1597462
33;0.836928;-0.825546;0.443512;-116711;1409571;-0.857644;-2238802;-0.721695;0.191435
34;0.526487;-0.914876;-0.290706;-0.711478;1331496;-0.976149;0.321157;-0.588834;0.945782
35;-0.046341;-0.267822;0.627794;0.70928;-0.031995;0.350898;2093131;0.127791;0.115756
36;-1350051;-0.018406;-0.40204;0.524009;-1279869;1102454;0.231782;1724981;-1746083
37;1347384;-1223956;0.648826;-1183347;1168124;-1332864;-1184653;-1008591;-0.297704
38;1088346;-0.914838;0.449719;-1003163;0.613281;-1261758;-0.584245;-1004536;0.81723
39;1211112;-114589;-0.399418;-0.782565;1045268;-1323294;-0.029876;-0.524738;103383
40;0.72302;-0.687391;1183578;-0.54041;1294531;-0.435351;0.898609;-1855777;1626246
41;-0.79471;0.598401;-0.508996;0.644143;-1461358;1064907;1620222;1452256;-0.854018
42;1291757;-0.927443;0.150612;-1164427;1212998;-0.971352;-0.855551;-0.793962;0.394475
43;1221021;-0.8702;-0.773812;-1244156;1163158;-1198846;-1874816;-132719;0.067384
44;-0.47807;0.311259;-0.394539;0.653144;0.020988;0.526055;1709637;0.75301;0.404505
45;1057168;-0.591578;1587655;-1108979;0.917036;-0.494683;-0.314406;-0.530561;1703869
46;0.463924;-1114635;0.520538;-0.727842;0.866562;-0.908086;-1035761;-1073723;1571391
47;0.279362;0.364364;1963;0.540762;-1212811;0.632205;1336619;0.17049;-0.158689
48;1352755;-0.803975;166565;-0.482331;127446;-113862;0.784861;-0.58449;1162917
49;0.973381;-0.350399;157085;-0.679526;0.782007;-0.249431;0.887153;-0.233545;1711294
50;-1438173;1839676;-1352297;137822;-1087502;0.411994;-0.050811;-0.50977;-1240862
51;-0.04319;-0.014414;0.911008;0.479888;0.208976;0.509624;1526507;0.38633;0.749094
52;-0.281489;0.219496;0.719396;0.254222;-0.694256;0.579371;0.067657;0.545342;0.000431
53;1533305;-0.805828;0.069132;-0.600535;1180338;-0.903894;-0.403128;-1017084;0.326181
54;0.926866;-0.824886;-0.022208;-0.706075;0.91769;-0.783594;-0.400956;-1011297;1495785
55;-0.096336;0.606732;0.354895;0.496473;-0.213485;-0.12119;2070612;1455301;-1054428
56;-0.974946;1828366;-1346073;1515198;-0.930805;0.165129;-1135181;0.196924;-0.844826
57;1043669;-0.367875;1661632;-0.198069;0.412041;-0.135055;0.064648;0.548185;1495523
58;0.850666;-1159451;-0.223413;-110508;1535021;-1511789;0.07898;-1176753;0.123959
59;-0.028074;0.545286;1471117;0.533654;-0.020598;0.326051;1813628;1391244;0.099004
60;-1426993;1162295;-1368709;0.709012;-0.936515;1360616;-0.038514;0.594014;-1205078
61;0.454835;0.536485;0.838566;0.720774;0.144695;0.633437;1615473;0.771222;0.5243
62;-0.236412;0.305846;-0.204615;0.318022;-0.435955;0.404313;2069491;1261344;-0.157678
63;1334041;-1107062;-0.407529;-0.77328;0.506406;-0.912472;-0.40968;-0.59365;0.336671
64;-0.014514;0.300933;0.63447;0.220082;-0.031626;0.360708;207098;0.096947;0.11602
65;-0.907571;104644;-1523359;0.371853;-1523646;1410391;0.403219;0.548511;-1056475
66;-1677025;1270659;-1448969;0.661388;-1210508;1907031;-0.756628;1301802;-0.856774
67;-1309262;1410693;-125444;0.95215;-145488;1227753;-0.860245;0.892036;-0.930314
68;-0.422975;0.592344;-1351796;-0.017117;-0.625941;0.284443;2341316;0.616971;-0.425067
69;-1095839;1036779;-0.214222;0.775187;-1234023;0.98308;1151951;1806348;-1045215
70;0.61141;-0.255018;1183064;-0.991431;0.262263;-0.205181;0.339915;-0.433369;0.404767
71;0.840187;-150573;0.152011;-0.888402;0.421801;-1328524;-0.388151;-0.57411;1494441
72;-0.81256;1771583;-2769051;1058263;-0.979869;0.21693;-0.403096;0.532437;-11222
73;-0.017171;0.481445;-0.008074;0.484614;-0.564765;0.467309;1066526;1457022;-0.033005
74;0.277877;0.465321;1963386;0.298584;-0.152553;0.158994;0.886203;1160419;0.590959
75;0.410731;-0.749304;0.629835;-0.717948;0.926626;-0.722863;0.072228;-0.450063;1429183
76;0.787031;-1159998;0.535081;-1215665;0.631773;-1090513;0.049265;-0.583192;0.671683
77;0.584217;-0.717143;0.637973;-0.844625;129905;-1617269;-1121159;-1861638;0.79953
78;-0.046768;0.53875;0.343503;0.259909;-0.617861;0.761671;1612481;130827;-0.267958
79;0.666173;-0.527572;1941076;-0.720215;0.555497;-0.250693;-0.687007;-0.16206;0.981254
80;0.602022;-0.132903;1483846;0.71841;-0.573447;0.346378;2177014;1317121;-0.034398
81;0.411722;-0.802079;0.34801;-0.899338;0.919836;-0.721694;0.066354;-0.433688;0.684367
82;-128419;1361306;-0.220772;128209;-1478538;1277725;0.052444;1309452;-0.705183
83;0.2858;-0.238323;1678145;-0.560037;0.623883;-1014203;1074418;-0.65846;1022526
84;0.46573;-0.183963;2035364;-0.330917;0.572749;0.40122;0.868867;0.029551;0.942086
85;0.341395;-0.920042;-0.216282;-0.716654;1526655;-0.349996;-0.127072;-0.426151;0.612603
86;-0.666556;0.829694;1479042;0.263965;-0.567524;0.411672;1990396;0.889105;-0.566395
87;-0.55464;1035183;-0.596381;0.418386;-1037024;0.932544;0.875281;1724343;-0.973535
88;0.476969;-0.47636;0.348228;-1071686;0.749973;-1539411;-0.026778;-0.595459;1513671
89;1097262;-0.530689;1099156;-0.71431;1287069;-0.893924;0.076345;-0.290825;1698424
90;0.602172;-0.96244;0.814859;-0.716421;1346388;-0.961132;-0.396032;-0.733827;0.948484
91;1300511;-1434648;0.725705;-1159086;1402089;-1101777;-0.291998;-0.366115;0.375227
92;1454282;-0.812112;-0.313538;-1276011;1346324;-1318577;-0.400072;-1215036;0.403017
93;-0.036574;0.763832;202938;0.433484;-0.199936;0.831723;1637955;0.754619;-0.001862
94;-0.675828;0.660616;-0.03017;0.528418;-0.803351;0.635775;1612461;1631162;-0.69918
95;-0.72935;0.875205;-0.302943;0.59577;-0.867678;1109088;0.514877;1664521;-1740216
96;-0.032682;0.541348;0.349597;0.376623;-0.443714;0.810918;2085087;0.548182;0.386536
97;-0.993423;1318872;-0.21705;0.779615;-1345656;1286364;0.072367;0.398133;-0.844635
98;-0.987113;0.88067;-0.0192;0.712213;-1408806;1359496;-0.047059;1715005;-0.747919
99;0.209626;0.014338;0.988034;0.55393;0.251715;0.820801;1973192;0.742026;0.748712
100;-155433;1450797;-1053432;0.986865;-1338436;1133309;0.054585;0.676363;-1324696
101;-1053118;1279641;-0.4019;0.939469;-0.987216;1301256;0.1628;0.802501;-1877857
102;1462725;-1330911;-0.136236;-1114361;12894;-1144126;-1127055;-1651562;0.661491
103;0.729548;-0.101872;0.71326;-1236639;0.500623;-0.200249;0.43661;-0.304778;1429452
104;1111593;-1485834;-0.026297;-1348244;1651358;-1195013;-0.662001;-1148246;0.659214
105;-0.251289;0.54124;-0.239963;0.430979;-0.074015;0.699144;1438036;1323059;0.059613
106;1155652;-1100885;1378608;-0.556373;1293931;-1090377;-0.111219;-0.441402;1843963
107;-0.91815;0.711162;-1622462;0.424963;-0.982877;1235716;1152554;131849;-1190818
108;-0.4306;0.932455;-0.665326;0.664193;-0.529094;1100575;1514821;1225926;-1052228
109;0.853211;-0.800413;0.435977;-1170364;1406834;-0.850858;-224991;-0.724848;0.195349
110;0.67791;-1039724;0.648356;-1354854;0.136368;-0.72948;-0.294288;-0.38104;1424655
111;0.272154;-0.906646;0.258318;-0.48799;1059993;-1101862;-0.12648;-1409878;0.87916
112;1222535;-1078715;-0.234123;-0.708863;1160785;-0.791804;-104918;-1435118;0.387581
113;-0.301092;0.541783;-0.616803;0.550675;-0.555392;0.970052;1616092;1445779;-0.570556
114;-0.744446;0.526246;-0.591043;0.505085;-0.815715;1112332;1438164;1592807;-1114969
115;0.591399;-0.021759;0.831099;0.537673;0.500751;1016254;1250988;0.823108;0.863621
116;1167944;-0.873968;0.826768;-1174837;0.941219;-1092782;-0.291294;-100025;0.875256
117;-0.411786;0.354815;-0.037155;0.722667;-0.682862;0.927988;0.318976;12456;-0.15041
118;-0.789667;1046411;-0.013131;0.649158;-0.800087;128419;0.793313;186094;-0.346892
119;-0.658195;-102843;0.535202;-0.82374;0.789078;-0.962492;-0.288357;-0.876191;0.406548
120;-1047439;17354;-1454578;1409514;-151802;0.935148;-0.866671;0.396149;-1126482
121;-0.677686;1051565;-0.116913;0.719706;-1284103;1128912;0.982865;1669236;-0.852062
122;0.969711;-0.929519;-0.220018;-1160404;0.908975;-1608085;-0.37442;-0.574874;0.663075
123;-0.966686;0.875984;0.073818;0.951953;-0.548755;1163148;1051862;1824109;-0.561327
124;-0.622931;0.926701;0.647315;0.552953;-0.633812;0.990986;1457486;1585396;-0.712082
125;-0.304075;0.601262;0.447498;0.424778;-0.70915;0.930163;1624084;1457264;0.190246
126;-162308;1324445;-0.592947;0.82521;-1111757;0.643754;0.066614;0.188581;-1272265
127;1225626;-0.937283;-0.398317;-1230248;1215195;-0.78436;-0.28633;-1229315;0.818341
128;-0.850941;0.715114;-0.683692;0.310478;-0.564739;0.740279;2003772;1167015;-0.019325
129;1236659;-1326863;-0.128274;-0.658447;1520091;-1197484;-0.303922;-1095575;0.59673
130;1616593;-0.637513;0.272519;-0.764599;0.847631;-0.851432;-0.230186;-0.59393;1771582
131;1481487;-0.704788;0.163195;-0.718552;1473582;-1256928;-0.212409;-1018098;0.469019
132;-116722;0.697721;-0.427031;0.732323;-1348667;189632;-0.029074;1535119;-1246548
133;0.78565;-0.989781;0.257165;-1092745;0.807571;-0.899003;-0.30563;-0.44394;0.672192
134;0.712591;-0.92863;0.149576;-1392473;0.864381;-132576;-0.938995;-1871966;0.60371
135;-0.026719;0.03136;0.325436;0.668352;-1046508;0.987983;1256145;117492;-0.712423
136;1107961;-1099535;-0.319491;-0.707157;1393917;-0.797924;-1033996;-0.926223;0.743486
137;-1166604;0.922605;-1070993;0.610576;-1518312;1473258;0.51687;1185733;-0.998213
138;1490649;-1087388;0.246048;-0.888429;0.798441;-0.794499;-0.392532;-1160675;0.737325
139;1604833;-1275371;0.345007;-0.494201;0.75411;-1025511;-0.037056;-1152532;0.869264
140;0.327273;0.415335;1858118;0.205471;0.010184;0.634503;-0.213631;0.598996;0.882021
141;-1291588;1266316;-0.123352;0.437028;-1446601;1291062;-0.132334;1537304;-0.914484
142;1295658;-0.756483;0.454705;-1183725;1009476;-0.850573;0.066231;-0.446646;1695614
143;1221258;-0.694498;0.146109;-1289321;0.919118;-12772;-11121;-1138395;0.873679
144;-1682292;1279992;-0.370977;0.946052;-1097798;0.689564;-0.211859;0.18339;-1868357
145;0.205026;0.304944;1748608;-0.236403;0.509313;1008852;2066889;0.607847;0.540699
146;-1569017;0.387377;-1161231;0.759045;-0.735655;0.884083;0.506727;187704;-0.966753
147;-0.916321;1045715;-0.958064;0.711195;-1396259;1893991;-0.038649;1043755;-1737073
148;-0.491562;0.704174;1365738;0.030774;0.254281;0.460751;2155694;-0.364012;0.651875
149;0.343644;-0.479431;0.242688;-0.431486;0.277159;-0.013209;0.060477;0.191376;1503658
150;0.922642;-1089653;-0.090331;-0.581325;0.329315;-1127047;-0.205534;-1007774;0.174115
151;0.14315;0.412411;-0.296869;0.413041;-0.855441;0.744211;1443809;1464471;0.133333
152;0.082908;-0.922499;0.156176;-0.950102;1504808;-1427698;-0.492864;-1347455;0.740907
153;-1479528;0.473613;-0.308353;0.423831;-1521817;1882128;-0.215793;1429132;-1195323
154;-0.473415;-0.152261;-0.029878;0.703258;-0.07836;0.346113;1992682;1237946;0.060366
155;-0.65681;0.093875;-0.11405;0.647779;-1456335;1120645;0.347279;1513593;-1520933
156;-1118398;1277582;-0.208172;0.953156;-1399134;1359801;-0.400801;0.805171;-0.927641
157;-0.023286;0.907401;0.34913;0.322471;-0.869164;1040294;2160284;1173428;-0.158637
158;1170995;-0.908778;0.907719;-0.894572;0.996415;-0.495178;-0.200835;-0.805726;1031832
159;-0.856245;0.481271;-0.135866;0.844403;-1250184;1176455;0.891372;1444999;-1253316
160;-0.864301;1211927;-0.596621;0.082588;-1358387;1236367;0.068927;1588792;-1127435
161;1294236;-0.753805;0.542977;-0.423484;0.922643;-1268621;-0.015137;-0.791751;1710445
162;-1174931;1105988;-0.318773;0.536162;-1036844;1879469;-0.106184;1467043;-140532
163;0.028599;0.598758;-0.428437;0.025131;-0.755189;0.7477;2348002;0.758766;-0.082
164;-1248477;0.821662;-0.60903;0.541642;-0.76353;1099203;133992;1377163;-1114456
165;0.725634;-1150608;0.258566;-0.820653;1482883;-1608722;-1498002;-1843725;0.127304
166;0.334195;0.040335;184354;0.102172;0.509433;-0.387384;0.066049;0.262046;0.875283
167;1296017;-1204743;0.055743;-1122872;1110759;-0.721488;-0.671044;-1584951;0.944429
168;0.525112;-0.366534;0.246504;-0.365536;-0.042274;0.105427;0.246863;-0.734375;1308902
169;0.281735;0.66477;1016618;0.205228;0.760164;0.585232;2074415;0.337092;0.130569
170;134839;-0.966582;1098877;-1236918;1239929;-0.377289;-0.945276;-0.874934;1440061
171;0.013389;0.207719;202399;0.724053;-0.435473;0.432045;1632237;0.972056;0.670074
172;0.222738;-0.821199;0.533195;-0.498578;0.518781;0.406706;0.434469;0.266427;0.870963
173;-1162045;1323561;-0.969941;0.444387;-1142605;1899936;-0.217507;1384398;-1740137
174;0.033303;-0.978417;1860625;-0.029373;0.090712;-0.750168;-0.131484;0.463406;0.608585
175;1475013;-132884;0.254449;-1171065;1418394;-1388752;-2581368;-1370274;0.395014
176;0.663325;-1195918;-0.026486;-0.79235;0.688802;-1093379;-0.6844;-1497258;0.680643
177;1229955;-0.876936;-0.317062;-0.670055;0.685439;-1004945;-0.393836;-0.875679;1219572
178;0.794863;-0.696836;176335;-0.669524;0.930255;-0.913786;-0.210893;-0.727904;1372766
179;0.851062;-0.761496;146063;-0.431253;0.46147;-0.077413;0.069349;-1228013;0.95544
180;0.528663;-1094634;0.361634;-0.945564;1346312;-1023951;0.056355;-0.926689;0.802842
181;0.351225;0.193325;1665595;-0.53894;0.030755;1129785;2084145;0.749028;0.572877
182;-0.925206;1831836;-0.768891;1449464;-127202;0.446691;-1301667;0.266063;-1671016
183;1169239;-0.698926;0.723658;-0.720367;1215266;-0.968091;0.072667;-0.37913;1720463
184;-0.732744;0.293254;1749763;0.251059;-0.758201;0.721497;0.986403;0.412066;0.671571
185;1285373;-0.578488;1776841;-0.614951;0.642816;-0.483758;0.14376;-0.309145;0.951394
186;0.205731;-0.702331;1466209;-0.441787;122143;-0.719825;-0.027315;-0.45533;1431284
187;1407486;-1039865;-0.022361;-1166004;1402196;-1260566;-0.685683;-1364047;0.608023
188;0.346456;-0.721688;0.635462;-0.483594;1271144;-1104825;0.055373;-0.656136;1433669
189;-0.789742;0.716503;1018769;-0.368403;-0.436178;0.097421;223694;1179562;-1045656
190;0.591127;-0.809374;1006172;-0.267052;0.855837;-0.120367;0.159165;-0.506748;1293068
191;0.463125;-0.512124;2054849;-0.826464;0.384839;-0.370823;-0.936388;0.055473;1646598
192;-0.922115;0.944163;-0.805746;1055493;-1086825;1481145;0.052639;1457894;-0.990276
193;1287027;-1326767;0.357198;-0.79393;1358122;-1405053;-0.12387;-0.437283;-0.096756
194;-0.034945;0.143461;0.361249;0.547262;0.165969;0.555737;1361802;0.39232;0.328747
195;-0.883218;1105653;-118048;0.601521;-1529588;1831967;-0.045094;103999;-1186818
196;0.517777;-0.932517;0.178571;-1235792;0.158585;-1256666;-0.750831;-1368464;0.603977
197;-0.976306;1039909;-1640693;0.845301;-1527286;100354;0.347128;0.547303;-1456782
198;1099052;-0.582288;1011368;-0.261735;0.572367;-0.255504;-0.298275;-0.858165;1008138
199;-1035647;1601155;-0.400651;1063487;-1281735;0.774062;-0.015478;0.671561;-0.968422
200;-1120057;0.589614;-0.230799;0.761496;-0.970701;106131;0.999258;144738;-1103215
201;-0.416253;0.544991;-0.229633;-0.187188;-0.333107;1001522;235163;1449349;-0.83839
202;0.474927;0.20305;1020457;0.302591;0.318995;0.593527;0.77948;0.539938;1017003
203;-1478831;0.294199;-0.502739;0.478011;-1032408;117217;108696;208958;-0.980788
204;1349615;-0.57824;1663764;-0.547449;0.797389;-1315762;0.806739;-0.376595;1859991
205;-0.216881;0.534885;1189597;0.475802;0.060565;0.338323;0.913752;1044916;0.731947
206;1180817;-1197343;-0.674651;-1286149;0.62451;-1492796;-0.659562;-115573;-0.367585
207;-0.744818;0.586155;-0.319442;0.440894;-0.690294;0.946332;1434894;1596148;-0.582852
208;-0.660587;1033379;-0.230097;0.711299;-14432;1141168;1165996;1734063;-0.77226
209;-0.936565;0.707173;-0.222552;0.830488;-1269273;1362364;0.329077;1675271;-0.851859
210;1218698;-1074489;0.73191;-0.655322;0.933114;-1026304;0.073537;-0.593251;0.406994
211;153366;-1317832;-0.028079;-1168163;0.81962;-0.847161;-2505194;-1280652;0.399704
212;-1739842;0.721793;-0.606811;0.210819;-1416703;1467888;0.152665;1740556;-118723
213;1018252;-0.921618;0.266335;-1109306;0.80805;-0.835212;-0.367849;-0.947978;0.993214
214;103844;-0.756919;0.836227;-0.65832;1293546;-1497345;-0.207066;-0.454468;1570623
215;0.840826;-0.362595;146566;-0.355619;0.568293;-1255638;0.968187;-0.157882;1369891
216;1204703;-10887;0.624547;-0.943554;0.928113;-1215863;-0.118154;-0.948259;1415867
217;-1302026;0.721022;-0.888214;0.833624;-1302605;1952233;0.44278;1385743;-1262771
218;0.471167;-0.913333;1953633;-0.437529;0.564406;0.171217;1259034;-0.442231;1212758
219;0.72914;-0.938527;0.16053;-1407744;0.858384;-130928;-0.945451;-1869941;0.599106
220;0.532952;-0.658584;-0.004566;-0.49856;0.693258;-0.727855;-0.293878;-0.233644;1217752
221;1109643;-0.597702;0.636881;-1115725;0.760647;-0.96133;0.335734;-0.355658;0.061151
222;0.207509;0.827169;1195875;0.609526;0.021374;0.988009;1168373;1172852;0.682243
223;-0.861558;0.692202;0.171663;0.303582;-0.399629;1235141;2166374;0.756526;-1247362
224;0.085889;0.195505;1857128;0.313247;0.525133;0.515794;1242919;0.264001;1293745
225;0.526735;-0.036878;1570344;0.722894;-0.754193;0.141087;1698629;1322084;0.104631
226;0.582279;0.665505;0.471828;0.481644;-0.207572;0.412011;1629579;0.541023;0.318737
227;1536479;-1157059;-0.223192;-0.786753;1531658;-125421;-0.676252;-1085516;0.941572
228;-1178894;1366252;-0.783781;0.931119;-128276;1045502;0.073581;0.827779;-1249488
229;0.467002;-0.095549;1865682;-0.365878;0.269711;0.401238;0.982542;0.183745;1021872
230;0.603029;-1209222;-0.400594;-0.488702;1056907;-1192061;-212719;-0.94518;1149619
231;-0.668654;0.747192;-0.125527;0.496728;-1274248;1292785;0.902681;2107663;-0.698287
232;-1689892;1216806;-1443511;0.541226;-1347762;1533969;-0.48066;0.890077;-0.711555
233;0.277646;0.076225;0.450426;-0.127795;0.382757;1001314;198775;0.263267;0.668385
234;-1435827;1289341;-1251062;0.993644;-1462183;1231047;-0.840291;0.759843;-1458234
235;140973;-0.885006;-0.302218;-1245895;1044014;-0.738815;-0.479094;-1356384;-0.157339
236;-0.993017;-1314611;0.358478;-1277639;1273882;-0.848681;0.049687;-0.599204;0.390776
237;1043244;-1038764;0.730978;-0.667649;1185155;-0.785482;-0.859905;-0.862776;0.061499
238;0.336436;-0.852422;-0.036531;-0.904426;0.628473;-1337981;-0.029409;-1150881;-0.712517
239;1291448;-0.937157;0.1686;-1180798;1231402;-0.959726;-0.873889;-0.79672;0.392337
240;-1546221;1164745;-0.606743;100988;-1412416;1888869;-0.413538;1452955;-1748391
241;152719;-0.689608;-1146918;-1052691;1406076;-0.9073;-1054701;-1446176;0.542689
242;-1553037;116177;-0.024483;1119029;-1459714;1352859;-0.398153;1316204;-104115
243;0.148779;-0.924747;0.354921;-0.538669;1415728;-1094285;-0.03035;-0.597544;1434963
244;-0.668569;0.658927;-1166278;0.198634;-100473;0.832196;0.697821;0.764467;-0.160329
245;0.905037;-0.476978;0.821924;-0.831652;0.324776;0.159841;-0.104123;0.207095;0.461581
246;-0.800105;0.891921;-1067553;0.602899;-0.740166;1233092;1534622;0.830829;-0.351417
247;1345942;-0.809332;-0.116709;-0.997113;1328193;-1383123;-1056036;-2049074;-0.50179
248;0.916636;-1026673;0.465573;-1239036;0.682138;-0.489969;0.060804;-0.579196;0.609304
249;1529317;-0.817717;0.340931;-1176852;1594107;-1516575;-0.95324;-1436573;0.384254
250;-0.168025;0.879362;101285;0.091739;-0.494308;0.627887;2078097;1164551;-0.433336
251;-174841;150617;-1454749;1403798;-1288172;0.177923;0.06682;0.548045;-119257
252;-1482519;1315373;-1546746;0.841955;-1279799;1719123;-0.132386;1182673;-0.981883
253;0.922731;-0.602835;1365881;-1160796;0.440888;-0.447591;0.50187;-0.287828;1508492
254;1297322;-0.822125;-0.215929;-0.883709;0.496191;-0.837878;0.150708;-0.863711;1445366
255;0.665126;-0.388974;1765558;-0.60574;1000223;-0.12697;-0.309879;-1346406;0.68969
256;-1299587;1544017;-1160239;1443928;-1450322;0.039856;0.056492;0.590202;-1398946
257;-1746435;1330862;-1163632;0.771716;-1470152;1485994;-0.296297;1115001;-1318393
258;0.336865;-0.590938;0.343596;-0.091547;0.431704;-0.546992;0.067764;-0.290863;0.819368
259;-1553788;0.60739;0.825056;0.101996;-0.583792;0.648891;1794721;1172325;-0.553378
260;-0.555043;0.822711;0.556782;0.32006;-0.748269;-0.477428;2191523;1181688;-0.584453
261;0.591037;0.101119;165799;0.309747;0.506425;0.302388;0.057957;0.590809;0.421214
262;1278909;-0.810502;2144824;-105765;0.093803;0.093039;-1044315;0.518736;0.732681
263;-0.662439;0.31405;-0.211537;0.539266;-1042289;1006157;1619312;1590349;-0.51642
264;-0.410043;0.7116;0.150441;0.425102;-0.446992;1068564;1624327;1589021;-0.438545
265;-111227;0.776579;-164159;0.6741;-1295335;195817;-1043837;1304792;-0.96734
266;0.198383;-1053774;0.167248;-0.843188;1623214;-1610687;-0.47643;-1234437;0.172755
267;1166463;-1035674;0.15711;-1131888;0.75029;-1677242;-0.835782;-1157674;0.312426
268;0.612755;-1089128;0.823011;-0.876052;0.811143;-0.620088;-0.129666;-0.991796;1010315
269;1270092;-0.807848;0.63113;-1271711;0.869583;-0.859259;-0.323584;-1701681;0.603443
270;-1294902;1278496;-0.02194;0.125436;-1476493;116835;-0.211333;0.263136;-0.853259
271;-0.846789;0.534787;-0.611798;0.940719;-1448475;135026;0.233897;2024422;-0.771239
272;-0.980839;1215608;-0.691417;0.536088;-1300426;1331961;-0.033725;0.483705;-0.911244
273;1116435;-1031302;0.821442;-0.266072;0.986916;-0.984574;-0.298273;-1000238;1570908
274;0.908199;-1261001;0.068953;-1176252;0.304182;-144731;-0.959241;-1059957;0.397987
275;-0.224512;0.547692;0.26037;0.709208;-0.092295;0.805321;209526;0.896099;0.587957
276;0.220537;0.769344;187161;0.324124;0.450203;0.400418;1537846;0.442266;0.675388
277;-0.599202;0.375692;-0.120238;0.881289;-1049558;1214527;0.520811;1669025;-1463253
278;-0.912873;1268901;-0.409936;1174473;-0.970906;1417716;-0.129103;0.903529;-1104182
279;-0.519565;-0.025525;0.820364;0.318585;-0.796872;0.700095;1532873;1386154;-0.023763
280;-1307658;126686;-1050359;1002649;-1210942;1773004;0.059214;0.599238;-1309044
281;0.459206;-0.852008;-0.13609;-0.771049;0.703003;-0.915607;-0.396525;-0.575969;1270475
282;0.335094;0.862054;1110053;0.483989;-0.034704;0.700082;1420291;108515;0.467214
283;0.097231;0.199567;1776233;0.762747;-0.162198;0.217958;2163892;0.678022;0.668288
284;-1611272;1388771;-0.675921;1229225;-1285154;0.566235;-0.031054;0.401994;-1205391
285;0.529749;-1046092;0.644182;-0.607641;0.617738;-0.414293;-0.117633;-0.419525;0.653751
286;0.353726;0.30243;1971713;0.379471;-0.021749;0.183061;0.98094;1112967;0.536882
287;0.460945;-0.982535;-0.110409;-0.780754;0.761599;-1094026;-0.316763;-1310623;-0.492175
288;0.709792;-0.076526;1581172;-1181712;0.458203;-0.485257;0.975022;-0.100152;1566822
289;0.480457;-0.484702;1858;-0.166349;-0.331002;-0.482266;-0.030833;0.254227;0.672841
290;-0.80083;1069309;-125066;0.940639;-1221442;1763058;-1771862;0.911465;-1471761
291;1041785;-0.875463;1575996;-0.544622;1332851;-1441596;-0.119963;-0.436068;1032393
292;1529994;-1087057;-0.041567;-0.953396;0.509594;-1070823;-0.8544;-1145051;0.742891
293;-1055904;0.702118;-0.284633;0.705456;-1147691;0.817977;1242016;1440443;-0.497191
294;-1187968;1329519;-0.582807;1353007;-1103565;1416423;-0.296533;1443361;-0.90687
295;0.280816;0.154973;1086536;0.722134;0.326053;0.405229;1793643;0.45901;0.593033
296;0.587482;0.705613;0.807567;0.096514;0.767119;-0.256025;1689457;0.600109;0.528682
297;0.829522;-0.468283;0.059249;-0.991428;0.206189;-0.95499;-0.676558;-0.101462;0.171533
298;1176693;-0.466196;0.729253;-0.791842;0.818966;-0.948696;0.244478;-0.728072;1287863
299;-1614307;158948;-0.686358;1059261;-0.923516;0.468655;-0.033449;0.058037;-126492
300;-1172854;1210393;-0.583511;0.596626;-1457565;1414356;-2072314;129955;-0.701093
301;-0.359099;0.528551;-0.692001;-0.084046;-0.556351;0.934739;1435349;1392365;-1462066
302;-0.915273;1430809;-0.402901;0.8315;-1338879;1343491;0.155163;0.486509;-1122868
303;1350748;-1050112;0.61287;-0.479279;1409159;-0.484312;-0.021861;-1019075;1343158
304;1228726;-0.927571;1210565;-134337;1457812;-1156404;0.12338;-0.286115;1560242
305;-1558265;0.981269;-0.690439;1064959;-1395602;1821255;0.154209;1109092;-1334382
306;0.413322;-0.758055;0.642556;-0.71766;0.914821;-0.741174;0.059299;-0.437537;1424169
307;1342396;-0.817555;1668676;-0.48464;1201535;-0.896688;-0.031567;-0.457898;1302553
308;-0.414794;0.595129;1554102;0.471976;-0.036909;0.044239;1600144;-0.018149;0.672044
309;0.593059;0.078228;1968821;0.59246;0.446165;0.989875;1062457;0.045183;0.88669
310;113846;-0.748833;0.168383;-0.94171;127324;-0.546324;-0.39713;-1075764;1446332
311;0.660303;-0.528756;0.719492;-1296728;0.812609;-0.253297;-0.034559;-0.922937;1644221
312;0.091923;-0.00496;0.334046;0.435034;-0.318926;1133006;2085114;0.750618;0.40162
313;-1496464;1149074;-0.860092;1001059;-122608;1883546;0.334791;1039722;-1343283
314;1102899;-0.636776;1387821;-0.324056;0.346559;-0.59613;0.053246;-0.651481;1652118
315;1285898;-0.923702;0.622077;-0.707345;1053083;-1083246;-0.499562;-0.453527;0.516871
316;0.208176;0.31867;0.430919;0.433376;-0.130812;1004996;1723125;0.324186;0.402203
317;0.210549;0.203595;0.726956;0.429022;-0.009198;0.645344;1180352;1172359;-0.223146
318;1525578;-1169509;-0.392279;-0.714114;0.823534;-1039307;-0.857341;-0.999793;0.734571
319;1555128;-1254575;0.157135;-0.665993;0.671609;-1208841;-0.491399;-0.519265;0.809639
320;1026976;-1390856;0.806858;-0.612169;0.800521;-1378267;-0.224721;-0.657789;1714779
321;-1545863;1284261;-0.695126;1065428;-1345083;1288659;-1047729;0.73148;-0.768419
322;1399709;-1217744;-0.017283;-0.771676;1357891;-1617192;-0.575608;-1576571;0.326562
323;-0.790341;1823206;-1147333;1281352;-1341888;0.51856;-0.300633;0.540955;-0.902514
324;147919;-1371047;0.630999;-1235114;0.759916;-0.783293;-0.414249;-0.244116;0.868019
325;-1295131;133391;-0.779199;0.996645;-0.920276;0.876234;-0.39761;0.742657;-1684094
326;0.104546;0.323523;0.349632;0.544527;0.031097;0.581955;2168513;0.599915;0.328587
327;-0.922534;0.581957;0.168637;0.540079;-0.755871;1297921;0.886603;1589465;-0.988205
328;1508601;-0.71051;0.05423;-1062264;1000384;-1526487;-1241467;-1225354;0.418595
329;-0.166377;0.608301;-0.121389;-0.033768;-0.26922;0.9961;2260817;0.548514;-0.695141
330;-1622304;1607464;-1621591;1053958;-1531748;0.459375;-0.308214;0.538374;-1193474
331;-0.101163;0.441446;0.069512;0.6055;-0.217161;0.154739;2080467;-0.161269;0.387423
332;0.528978;-0.358155;165965;-0.315202;0.802325;-0.49302;0.155375;-0.858641;1364848
333;1527411;-1372189;1005136;-0.841167;-0.155704;-0.498369;-0.671616;-0.155252;0.968143
334;109301;-0.371687;0.712884;-0.61727;0.489018;-0.310921;-0.423631;-0.371557;1366568
335;0.651488;0.152207;2046709;-0.026397;0.380958;-0.135681;0.141724;-0.036377;1573793
336;-0.98728;1369115;-0.137394;0.720156;-1333976;1219394;0.154211;0.613542;-0.986345
337;-0.98775;-1312463;0.336729;-1281739;1289271;-0.862526;0.076079;-0.584143;0.405048
338;-1381406;0.303381;-1539341;0.210965;-0.694929;0.74956;1713882;1388655;-1266445
339;1359809;-1267852;0.441144;-0.822048;0.807979;-0.595469;-0.575044;-0.725861;1708844
340;0.404665;-0.318592;0.995831;-1215563;1217533;-0.780306;0.703922;-0.879278;1356598
341;101653;-0.943319;0.816856;-1103361;1029335;-1007427;-0.019789;-1023572;1351073
342;0.344772;-1372747;-0.120075;-0.891693;1399719;-1041622;-0.490071;-1071334;0.461728
343;130344;-1143688;0.923056;-0.8412;0.934489;-0.957409;-0.128848;-1002286;0.671593
344;-1243516;154993;-0.22134;0.946418;-1389335;1218057;-0.136516;0.8201;-111644
345;0.790018;-0.759715;0.636149;-1093803;0.915185;-0.736245;-0.223015;-0.707348;143064
346;1203484;-0.884977;-0.761853;-1230031;1158122;-1203308;-1865965;-1291423;0.057809
347;-0.609344;0.567232;-0.122587;0.439312;-0.818312;0.989644;1623893;1499585;-0.296894
348;-0.909834;1282775;-0.22782;1002975;-1391221;1241698;-0.481078;1225645;-0.835907
349;1554968;-132563;-0.033108;-1182199;0.805973;-0.857646;-2520239;-1289194;0.4041
350;-1242191;1262028;-0.96762;0.546358;-1229145;1881156;-0.199537;10983;-0.995027
351;-0.05118;0.374025;-0.037582;0.486092;-0.682069;1125433;1457326;1316274;-0.089126
352;0.917156;-0.984459;-1626207;-0.896257;0.8643;-0.374465;0.249872;-0.866159;1360159
353;0.343312;-0.020869;1491167;-0.148511;0.583858;0.394782;1345226;0.33426;1001159
354;1091092;-1165154;-0.227552;-0.696103;105818;-1759957;-1224311;-1222512;0.463628
355;-1230832;0.827402;-0.681482;0.931402;-1336238;130807;0.147889;1717159;-0.907958
356;-0.785063;0.749708;-0.404663;0.493159;-0.844108;1039423;1260095;1465393;-0.769306
357;0.59182;-0.112471;232516;-0.594738;0.454008;-0.206376;1151114;0.207479;0.127605
358;1037412;-1437247;0.729285;-0.823;1277978;-1396558;-0.033702;-0.574671;0.474645
359;-0.746564;0.420196;-0.592551;0.778354;-0.851959;1235362;0.516051;1743296;-1731778
360;1045078;-1374672;0.729355;-0.870583;1269737;-1148489;0.152983;-0.443349;1556124
361;-1041634;0.704078;0.354785;0.603924;-1335768;0.986469;1357221;1247984;-0.292739
362;-1472888;1445898;-2281015;1270259;-1292346;0.53514;-0.204404;0.403352;-1603211
363;0.525065;-0.820266;0.248427;-0.959393;1218726;-0.978535;-0.298492;-0.009349;1433037
364;1209733;-0.871301;0.350269;-0.494051;0.830687;-0.769704;0.318552;-2148405;1297617
365;-0.039721;0.202044;0.16982;-0.041945;-0.698752;-0.434833;1418133;1319767;0.032982
366;-0.795715;1479828;-0.588576;0.661895;-0.999062;1075153;-0.114822;0.590761;-12479
367;-0.986832;1728342;-1265191;1423736;-1236269;-0.079774;-0.752714;-0.0849;-0.971709
368;0.584316;0.786834;1941445;0.47328;-0.210954;1066744;1806384;0.767306;0.325494
369;-1044362;0.159271;-0.323442;0.378453;-0.569943;0.157161;1610304;1448194;-0.699937
370;-0.16467;1045601;0.159161;0.075464;-1147675;117773;1708489;0.878267;-0.001943
371;0.863253;-1440362;0.062462;-0.83991;0.99791;-1374569;-2151957;-1452813;0.681631
372;-0.121177;-0.748;0.909647;0.19801;0.144713;0.579923;1163665;0.546783;0.685969
373;0.914153;0.551455;2329362;-0.777493;0.637713;0.349705;0.981227;-0.032613;0.889769
374;1071771;-0.988092;1865387;-0.430024;0.857659;-0.119263;-0.212622;-0.922724;0.474856
375;-169526;0.530851;-0.116652;-0.093162;-1333399;1492368;0.152939;1525011;-1388393
376;-0.293146;0.380896;0.535672;0.765005;0.031518;0.856566;1978013;1396812;-0.293011
377;1163278;-0.907168;0.249943;-0.899155;1181488;-1376821;-0.566768;-0.860424;0.758304
378;-0.354471;-0.874802;0.353739;-1051723;1475538;-0.788314;-1034327;-0.720486;0.330317
379;0.278282;-0.028614;1941482;0.486458;0.084815;0.532408;0.334404;0.747011;0.67559
380;1176453;-1143085;-1257207;-1229173;0.803012;-0.845235;-0.861676;-1856868;0.005459
381;0.726704;-0.864454;0.440587;-1123349;0.644837;-1196457;-0.123727;-0.500127;1299321
382;-0.812278;0.819693;0.175373;0.428143;-1086007;0.713803;1166274;175219;-1103685
383;0.014404;0.933965;0.341941;0.190008;-0.565927;1004908;1796882;1176346;-0.300635
384;-0.723133;125159;-0.418929;0.832423;-1277565;1397361;0.067281;0.611468;-1250932
385;0.852741;-1013816;0.173085;-0.772156;128212;-1558055;-0.682132;-0.944437;0.791147
386;1298113;-1093963;-0.033456;-0.729825;0.692046;-1092163;-0.406156;-0.43894;1515165
387;-1046191;1271305;-0.787904;105055;-1399212;1583101;-0.491549;1178923;-0.838303
388;0.350749;-1049881;1953161;-0.49474;0.50116;-0.304584;1251581;-0.10843;0.74285
389;146372;-0.74834;0.153052;-1110115;1050497;-0.793322;-1781265;-0.440936;1561685
390;1413682;-0.47157;0.72513;-1302109;1047029;-0.490686;-0.856332;-0.566682;1099719
391;-1174504;0.356912;-1265393;0.76741;-1208643;1178896;1165424;1180758;-1195941
392;0.335834;-0.316374;0.336946;-1059549;0.555847;-0.968309;0.890388;-1296017;0.926525
393;0.547612;-0.952786;0.741838;-123373;1528959;-1078585;-0.668926;-0.879316;0.055264
394;1040657;-0.707151;0.713512;-0.490297;1150506;-0.31525;0.069026;-0.85942;101403
395;-0.106259;0.474971;0.743957;0.500615;-0.979727;0.860666;1155048;137339;-0.617909
396;-1005551;0.312093;0.067493;0.196942;-0.444058;105711;133064;1310893;-0.014838
397;0.595382;-0.074498;155723;-0.370696;0.508773;0.094744;0.984442;-0.111639;1283297
398;-0.675516;0.705636;1109993;0.310943;-0.506861;-0.49457;225957;1179764;-1444415
399;1233713;-1038099;1560457;-0.528328;1281285;-0.854163;-0.397848;-0.0204;1429134
400;116003;-0.598463;1373047;-0.944479;0.573146;-0.799805;-0.025921;-0.578074;1683093
401;0.344119;-0.487349;1761952;-0.559292;0.641301;-0.791069;-0.037594;-116239;100503
402;0.369806;0.202942;1959555;-0.324969;0.404749;-0.24379;0.432402;0.247403;0.951343
403;0.581316;-0.797009;0.34347;-0.702923;1284996;-1630576;-0.285669;-0.926484;0.602284
404;-0.190052;0.246634;0.64475;0.424289;-0.081446;0.465627;1984274;0.593074;0.108555
405;-0.910063;1276697;-0.205656;0.93708;-1346906;1167116;-0.009486;0.463806;-0.921166
406;1288978;-0.983445;0.056511;-0.714272;0.751699;-0.964031;-0.853694;-0.533172;1443753
407;-0.920929;1386115;-0.222871;0.375371;-1394634;1189891;-0.210824;0.463259;-1257118
408;0.349222;0.083453;2058529;0.592692;0.147382;0.270482;-0.56626;1188838;0.396072
409;0.272142;0.18423;0.727417;0.19637;0.023542;0.462227;1418338;-0.44049;0.464461
410;-1234579;1433395;-1267414;1273453;-1299118;1109421;-0.295115;0.77413;-1117937
411;1210335;-0.817187;1580569;-0.930345;0.532195;-0.490247;-0.29952;-0.875353;0.457415
412;1482271;-1195031;0.351466;-1303573;0.929024;-1096659;-0.687804;-115101;0.123438
413;-1168561;1710549;-2091327;1053647;-1462316;0.974682;-0.677021;0.182417;-1389373
414;1414245;-1141443;1100051;-1223191;1217824;-1092864;-0.67224;-0.284633;1443674
415;1162214;-0.587294;0.439435;-0.150229;0.745691;-0.284808;-0.324219;-0.301923;0.478117
416;-0.872251;1546;-1340522;0.692489;-1279883;0.511828;-1026079;0.331917;-1409077
417;-0.919741;0.716636;-0.32681;0.768495;-1099496;1118313;1154588;1519854;-0.920031
418;0.791969;-0.592237;1575866;-0.423057;0.501502;-0.497389;-0.310746;-0.039687;1297897
419;-0.978076;1606952;-1329251;1285508;-1341785;0.400224;-2518128;0.032915;-0.986051
420;-1569555;0.667691;-0.975476;0.775124;-0.847798;1179478;1183419;1526535;-112538
421;-0.926818;0.707729;0.827509;0.264018;-0.589738;1003553;1621547;13083;-0.713732
422;1168175;-0.643296;156811;-0.839327;0.452842;-0.019313;-0.854392;0.168127;0.736571
423;-0.604907;0.813666;0.819629;0.256926;-0.211539;0.709974;1427492;1174208;-0.135932
424;0.270183;-0.692306;1186247;-0.542497;1285324;-0.853474;-0.383559;-0.798478;1564394
425;0.549814;0.190625;1746184;0.472369;-0.50276;0.300342;0.903141;0.970232;0.337292
426;-0.683043;0.867389;-0.611201;0.889739;-0.987228;1173665;0.710798;1796896;-0.56247
427;-0.164289;0.489304;-2097549;0.543728;-0.677027;1123916;1536024;1451993;-0.845545
428;0.59676;-1088867;0.881538;-0.833608;1039354;-0.707342;0.149277;-1010383;129257
429;-1293095;1160475;-0.517997;1117111;-1401312;1482995;0.25004;0.326669;-0.823137
430;1149974;-0.921701;0.151287;-0.72298;1294873;-0.840872;-2142892;-1167184;0.458937
431;-1310895;138531;-0.212014;141207;-1100864;1238646;-0.216688;0.74177;-1880444
432;-1295183;0.621413;-0.776752;0.777264;-1211829;1596997;-0.12272;1528431;-1109751
433;0.584524;0.197685;1869719;0.30936;-0.167694;0.443918;0.906954;0.835441;0.875299
434;1285002;-0.913325;0.2382;-0.72144;0.751921;-0.24083;-0.030796;-0.736213;1359817
435;0.203211;0.771292;1577013;0.714659;-0.747312;0.34468;1433392;0.324729;-0.411459
436;-0.852384;0.323617;-0.214421;0.885055;-1416125;1178423;0.896371;1866285;-0.845009
437;-0.036704;0.64956;177326;0.424836;0.282005;0.569639;0.232468;0.678706;0.673007
438;-0.686307;0.76256;-0.118085;0.763578;-0.461725;1058247;0.999845;1377193;-0.849589
439;-0.422834;0.531035;0.153848;0.43916;-0.490354;0.979885;2161417;0.661453;0.259317
440;-0.74308;0.823465;-0.135571;0.710682;-0.786125;1234013;1151879;1457158;-0.434883
441;-0.984777;0.987494;-0.022264;0.721705;-0.680444;1164603;1149398;1442435;-0.569579
442;-1298414;0.764963;-0.78107;0.59551;-1160365;1476672;-0.044965;1533658;-1199553
443;0.324771;-0.605268;195264;0.208741;0.816306;-0.677286;1174666;0.277975;0.472365
444;-0.93372;1375963;-0.12434;0.730874;-1371042;1239183;-0.390564;0.179999;-0.915106
445;-0.927956;0.587959;-0.03775;0.935071;-0.813197;1238016;1084943;2004173;-0.777233
446;-0.673015;0.102039;0.070495;-0.143168;0.273657;0.754985;0.415318;0.900968;0.603369
447;1154616;-0.200575;0.731127;-0.618069;0.623931;-0.68427;0.252053;-0.027513;1711868
448;-0.854284;1607906;-1171093;1294617;-1045685;0.767696;-1226675;0.339975;-1527806
449;1443329;-0.856486;-0.783445;-122008;1219419;-0.844909;0.057411;-0.59966;0.058244
450;-1049819;1843001;-1060192;1462133;-1342031;0.122969;-0.749408;0.266738;-1661909
451;-0.685618;0.248562;1854952;0.420088;0.753919;1187162;1266122;0.613032;0.959396
452;116834;-0.545707;1542173;-0.828836;1236873;-0.553113;0.054912;-0.307516;1584586
453;1231441;-0.698116;0.637788;-0.722701;0.687032;-0.25618;-0.318349;-0.466434;1561919
454;0.024218;-0.19174;2321809;-0.715989;0.274838;-0.094169;0.061764;0.253718;1000381
455;-0.48437;0.761672;1100759;0.711665;-0.441622;0.633597;2271389;1307942;-0.085157
456;-0.392867;1048057;0.140325;0.423784;-1043986;1114346;1343776;1739308;-1251003
457;-0.806475;149206;-0.78579;0.54884;-0.877477;0.304465;-0.415279;0.189401;-125894
458;110635;-1103847;-0.31966;-1396002;1382415;-1263738;-0.666475;-1842063;0.688129
459;1529537;-0.754794;1007859;-0.831387;0.877086;-0.769883;-0.943443;-0.881358;0.605518
460;0.718091;-0.805219;0.622678;-0.720996;0.343101;-0.966829;-0.029062;-1161264;1366151
461;-0.303613;-0.692477;0.449134;-1330281;0.156974;-1383861;-0.484208;-185445;0.600753
462;1469178;-1537024;-0.228568;-118275;0.630942;-1555549;-1036912;-1367476;-0.21153
463;0.914398;-0.709833;0.630603;-1229711;1224821;-1305444;-0.600158;-0.602304;0.71888
464;-0.171474;0.320863;1004962;0.442976;0.021326;0.812489;180411;0.623241;0.252468
465;0.916401;-0.920457;-0.035573;-0.897069;0.98257;-0.917548;-0.686273;-1779774;0.397721
466;-17338;1374179;-0.321406;1398913;-1517181;122745;-0.2101;0.75086;-1047839
467;0.582294;-0.077805;1956683;0.080172;0.728995;0.473192;1161994;0.30024;0.418096
468;-0.048806;0.15114;0.928667;0.182565;0.135921;0.208946;2085608;0.618249;0.594316
469;0.786883;-0.759998;0.731159;-0.715364;1513702;-1559334;-0.496166;-0.923107;0.664539
470;0.217817;0.088894;1387599;0.657053;0.31566;-0.018514;1824531;0.260685;123556
471;-0.678988;0.420417;-136999;0.647225;-0.523549;105977;1264901;1656613;-0.438384
472;1116417;-0.463705;0.43939;-1010548;0.639125;-0.188084;-0.390193;-0.863529;0.478434
473;-0.723414;0.254765;1284784;0.413344;0.519865;0.692206;0.896625;0.336243;0.755397
474;1330768;-0.519295;1675405;-0.323989;0.377837;-0.143657;-0.869829;-0.322814;0.451865
475;1356994;-0.799433;0.610082;-0.936049;0.387113;-1607675;-1131465;-0.443262;1710001
476;-1557923;1387243;-0.597669;1115761;-122347;118391;-0.667985;1102148;-1324805
477;1279438;-0.870659;-0.043465;-0.591671;1005218;-0.470421;-0.110986;-0.591253;1430838
478;-0.80618;1154738;-0.586368;0.99579;-1400236;1884074;0.086467;125856;-1120775
479;-1360614;1268475;-1155607;0.887527;-102584;1180646;-0.493358;1028274;-1864104
480;-0.540431;0.719923;0.343955;0.153857;-0.567522;105965;235171;1176702;-1319597
481;-0.111491;-0.566572;2149901;-0.939628;0.379823;-11467;0.974178;-0.388594;1303968
482;0.910212;-0.810988;-0.313431;-0.781003;12962;-1508275;-1480477;-1933845;0.607308
483;-0.868599;0.93413;-0.225008;0.880983;-1091143;1350283;0.607456;1737763;-0.900691
484;-1306335;1039708;-0.580644;0.850482;-1461257;1832279;0.06622;1172896;-0.702108
485;1471689;-0.837576;-0.423453;-0.770409;0.760082;-1291077;-1121508;-115608;0.377557
486;0.640967;-1426609;0.619563;-0.705469;1459769;-1258622;-0.30531;-0.742257;0.266007
487;1547461;-0.869237;-0.589097;-1132665;1176438;-1267932;-0.83603;-1562228;0.11984
488;0.902801;-1094903;0.354306;-0.648831;0.577222;-0.96062;-0.37735;-1011441;1440952
489;0.404941;-1039447;-0.786252;-0.70795;1330215;-0.723693;-1028765;-1073076;1016736
490;-0.853852;1037721;-0.502053;-0.811225;-1098574;1123208;116182;1622552;-0.990005
491;-1310718;1284548;-0.981922;0.66254;-0.960186;1416331;-0.231795;0.606404;-1234341
492;-1116055;1369127;-1731098;0.594154;-1053142;1783431;-0.134001;1101211;-1058174
493;-122948;13923;-0.205752;1521911;-1298851;1239709;-0.108563;0.672059;-153559
494;-1687625;1140813;-1352866;0.952576;-1408377;1290464;-0.108628;0.461333;-138769
495;-0.659684;1144846;-0.612561;0.777445;-0.52885;0.947055;1251615;1320062;-0.150733
496;0.09983;0.291895;0.345414;0.66668;0.024657;0.292016;2084621;1033898;0.403383
497;0.205663;0.092186;1767279;0.297932;-0.028926;0.976608;1084135;0.173944;0.32661
498;-0.925159;0.769022;-0.402525;0.243621;-0.942078;1896947;-1773712;1162337;-1041226
499;1095217;-1381132;0.239416;-0.482417;1210029;-0.431167;-0.676583;-1148708;1029105
500;0.529778;-1129706;-0.880054;-1092844;1384029;-1513809;-0.455186;-11513;0.82185
501;0.407494;-1431422;0.727006;-0.841781;0.569525;-0.952151;-0.67069;-0.59588;0.96332
502;0.663839;-0.702423;1761973;-0.029739;0.446176;0.028683;0.681188;0.124285;0.74006
503;-0.609448;0.603516;-0.880313;0.708625;-0.981406;1001856;1078694;1680258;-1382004
504;-0.031879;0.48268;-0.024936;0.188784;-0.554542;0.755138;2178788;0.735904;0.665429
505;-0.082533;0.439327;0.056081;-0.471743;-0.198749;0.926793;2079934;-0.160222;0.386624
506;-0.982039;1387897;-0.49383;1291878;-1052598;1306052;-0.389324;1309775;-0.846468
507;-1181548;1163218;-0.511908;0.988823;-1035669;1845986;-0.021768;1504635;-1673659
508;0.642001;-0.80531;0.629097;-0.659804;1474537;-0.8019;0.141445;-0.513862;1482728
509;-0.840914;0.766869;-0.388261;0.533603;-1047712;110995;0.972803;1103043;-166742
510;0.481254;-0.135217;1949613;-0.673665;0.736363;-0.605976;0.970594;-0.436744;0.469163
511;-1166165;1382062;-0.594972;0.764072;-0.970306;136412;0.059826;0.391938;-0.91851
512;0.270816;0.469018;195699;0.722027;-0.038152;0.449033;1335095;1103733;0.107993
513;1290529;-0.851838;0.158413;-1167287;0.455593;-0.854106;-0.311569;-0.71312;1436522
514;0.483862;-0.248105;1182279;-0.375783;0.734473;-0.432803;-0.291593;-0.019559;0.941347
515;0.586253;0.645875;1941765;0.310102;0.392971;0.928666;1602002;0.832627;0.671172
516;-0.925002;1279639;-1259792;1002467;-1284292;1385874;-1400893;1091216;-1100777
517;-0.039265;0.537847;0.151143;0.38241;-0.676173;1007073;2184663;1174952;-0.032534
518;0.218613;0.210484;1676593;0.556128;0.526064;0.351949;1614455;1174749;0.650404
519;0.974689;-0.938922;-0.219743;-1409142;1531239;-145166;-0.472454;-1362859;1215441
520;1435096;-0.804495;-0.298879;-1232243;0.451524;-1261358;-0.856284;-1559363;0.684133
521;0.330703;0.80972;1184233;0.528845;0.014604;0.701647;1432577;1181809;0.66987
522;0.904043;-0.585999;1203634;-0.359986;0.504072;-0.078347;-0.307914;-0.647674;1224705
523;119973;-1274635;1107461;-0.771975;1105989;-0.954624;0.237081;-0.439875;0.871588
524;-1172614;1200883;-0.59686;0.601579;-1455165;1414767;-2044195;1313528;-0.71507
525;-1491697;0.815751;0.173195;0.659623;-0.978998;0.996043;0.895358;1727794;-0.43393
526;-0.726482;1157547;-0.627937;0.719762;-0.645787;1288155;0.862175;1753431;-0.976336
527;-0.417201;0.542889;1679711;0.424406;0.379517;0.642719;1265932;0.677358;0.457895
528;0.665644;-0.931716;0.354268;-1117413;1282097;-1250454;-1029243;-102116;0.745672
529;-0.931113;0.726406;-0.226625;0.774085;-0.742069;1294324;1352274;1727139;-1512339
